[
    {
        "1": 2,
        "44562": 44562,
        "acapulco,_acapulco_de_juarez,_guerrero.": "AGUA PRIETA, AGUA PRIETA, SONORA."
    },
    {
        "1": 5,
        "44562": 44562,
        "acapulco,_acapulco_de_juarez,_guerrero.": "SUBTENIENTE LOPEZ, SUBTENIENTE LOPEZ, QUINTANA ROO."
    },
    {
        "1": 6,
        "44562": 44562,
        "acapulco,_acapulco_de_juarez,_guerrero.": "CIUDAD DEL CARMEN, CIUDAD DEL CARMEN, CAMPECHE."
    },
    {
        "1": 7,
        "44562": 44562,
        "acapulco,_acapulco_de_juarez,_guerrero.": "CIUDAD JUAREZ, CIUDAD JUAREZ, CHIHUAHUA."
    },
    {
        "1": 8,
        "44562": 44562,
        "acapulco,_acapulco_de_juarez,_guerrero.": "COATZACOALCOS, COATZACOALCOS, VERACRUZ."
    },
    {
        "1": 11,
        "44562": 44562,
        "acapulco,_acapulco_de_juarez,_guerrero.": "ENSENADA, ENSENADA, BAJA CALIFORNIA."
    },
    {
        "1": 12,
        "44562": 44562,
        "acapulco,_acapulco_de_juarez,_guerrero.": "GUAYMAS, GUAYMAS, SONORA."
    },
    {
        "1": 14,
        "44562": 44562,
        "acapulco,_acapulco_de_juarez,_guerrero.": "LA PAZ, LA PAZ, BAJA CALIFORNIA SUR."
    },
    {
        "1": 16,
        "44562": 44562,
        "acapulco,_acapulco_de_juarez,_guerrero.": "MANZANILLO, MANZANILLO, COLIMA."
    },
    {
        "1": 17,
        "44562": 44562,
        "acapulco,_acapulco_de_juarez,_guerrero.": "MATAMOROS, MATAMOROS, TAMAULIPAS."
    },
    {
        "1": 18,
        "44562": 44562,
        "acapulco,_acapulco_de_juarez,_guerrero.": "MAZATLAN, MAZATLAN, SINALOA."
    },
    {
        "1": 19,
        "44562": 44562,
        "acapulco,_acapulco_de_juarez,_guerrero.": "MEXICALI, MEXICALI, BAJA CALIFORNIA."
    },
    {
        "1": 20,
        "44562": 44562,
        "acapulco,_acapulco_de_juarez,_guerrero.": "MEXICO, DISTRITO FEDERAL."
    },
    {
        "1": 22,
        "44562": 44562,
        "acapulco,_acapulco_de_juarez,_guerrero.": "NACO, NACO, SONORA."
    },
    {
        "1": 23,
        "44562": 44562,
        "acapulco,_acapulco_de_juarez,_guerrero.": "NOGALES, NOGALES, SONORA."
    },
    {
        "1": 24,
        "44562": 44562,
        "acapulco,_acapulco_de_juarez,_guerrero.": "NUEVO LAREDO, NUEVO LAREDO, TAMAULIPAS."
    },
    {
        "1": 25,
        "44562": 44562,
        "acapulco,_acapulco_de_juarez,_guerrero.": "OJINAGA, OJINAGA, CHIHUAHUA."
    },
    {
        "1": 26,
        "44562": 44562,
        "acapulco,_acapulco_de_juarez,_guerrero.": "PUERTO PALOMAS, PUERTO PALOMAS, CHIHUAHUA."
    },
    {
        "1": 27,
        "44562": 44562,
        "acapulco,_acapulco_de_juarez,_guerrero.": "PIEDRAS NEGRAS, PIEDRAS NEGRAS, COAHUILA."
    },
    {
        "1": 28,
        "44562": 44562,
        "acapulco,_acapulco_de_juarez,_guerrero.": "PROGRESO, PROGRESO, YUCATAN."
    },
    {
        "1": 30,
        "44562": 44562,
        "acapulco,_acapulco_de_juarez,_guerrero.": "CIUDAD REYNOSA, CIUDAD REYNOSA, TAMAULIPAS."
    },
    {
        "1": 31,
        "44562": 44562,
        "acapulco,_acapulco_de_juarez,_guerrero.": "SALINA CRUZ, SALINA CRUZ, OAXACA."
    },
    {
        "1": 33,
        "44562": 44562,
        "acapulco,_acapulco_de_juarez,_guerrero.": "SAN LUIS RIO COLORADO, SAN LUIS RIO COLORADO, SONORA."
    },
    {
        "1": 34,
        "44562": 44562,
        "acapulco,_acapulco_de_juarez,_guerrero.": "CIUDAD MIGUEL ALEMAN, CIUDAD MIGUEL ALEMAN, TAMAULIPAS."
    },
    {
        "1": 37,
        "44562": 44562,
        "acapulco,_acapulco_de_juarez,_guerrero.": "CIUDAD HIDALGO, CIUDAD HIDALGO, CHIAPAS."
    },
    {
        "1": 38,
        "44562": 44562,
        "acapulco,_acapulco_de_juarez,_guerrero.": "TAMPICO, TAMPICO, TAMAULIPAS."
    },
    {
        "1": 39,
        "44562": 44562,
        "acapulco,_acapulco_de_juarez,_guerrero.": "TECATE, TECATE, BAJA CALIFORNIA."
    },
    {
        "1": 40,
        "44562": 44562,
        "acapulco,_acapulco_de_juarez,_guerrero.": "TIJUANA, TIJUANA, BAJA CALIFORNIA."
    },
    {
        "1": 42,
        "44562": 44562,
        "acapulco,_acapulco_de_juarez,_guerrero.": "TUXPAN, TUXPAN DE RODRIGUEZ CANO, VERACRUZ."
    },
    {
        "1": 43,
        "44562": 44562,
        "acapulco,_acapulco_de_juarez,_guerrero.": "VERACRUZ, VERACRUZ, VERACRUZ."
    },
    {
        "1": 44,
        "44562": 44562,
        "acapulco,_acapulco_de_juarez,_guerrero.": "CIUDAD ACUÑA, CIUDAD ACUÑA, COAHUILA."
    },
    {
        "1": 46,
        "44562": 44562,
        "acapulco,_acapulco_de_juarez,_guerrero.": "TORREON, TORREON, COAHUILA."
    },
    {
        "1": 47,
        "44562": 44562,
        "acapulco,_acapulco_de_juarez,_guerrero.": "AEROPUERTO INTERNACIONAL DE LA CIUDAD DE MEXICO,"
    },
    {
        "1": 48,
        "44562": 44562,
        "acapulco,_acapulco_de_juarez,_guerrero.": "GUADALAJARA, TLACOMULCO DE ZUÑIGA, JALISCO."
    },
    {
        "1": 50,
        "44562": 44562,
        "acapulco,_acapulco_de_juarez,_guerrero.": "SONOYTA, SONOYTA, SONORA."
    },
    {
        "1": 51,
        "44562": 44562,
        "acapulco,_acapulco_de_juarez,_guerrero.": "LAZARO CARDENAS, LAZARO CARDENAS, MICHOACAN."
    },
    {
        "1": 52,
        "44562": 44562,
        "acapulco,_acapulco_de_juarez,_guerrero.": "MONTERREY, GENERAL MARIANO ESCOBEDO, NUEVO LEON."
    },
    {
        "1": 53,
        "44562": 44562,
        "acapulco,_acapulco_de_juarez,_guerrero.": "CANCUN, CANCUN, QUINTANA ROO."
    },
    {
        "1": 64,
        "44562": 44562,
        "acapulco,_acapulco_de_juarez,_guerrero.": "QUERÉTARO, EL MARQUÉS Y COLON, QUERÉTARO."
    },
    {
        "1": 65,
        "44562": 44562,
        "acapulco,_acapulco_de_juarez,_guerrero.": "TOLUCA, TOLUCA, ESTADO DE MEXICO."
    },
    {
        "1": 67,
        "44562": 44562,
        "acapulco,_acapulco_de_juarez,_guerrero.": "CHIHUAHUA, CHIHUAHUA, CHIHUAHUA."
    },
    {
        "1": 73,
        "44562": 44562,
        "acapulco,_acapulco_de_juarez,_guerrero.": "AGUASCALIENTES, AGUASCALIENTES, AGUASCALIENTES."
    },
    {
        "1": 75,
        "44562": 44562,
        "acapulco,_acapulco_de_juarez,_guerrero.": "PUEBLA, HEROICA PUEBLA DE ZARAGOZA, PUEBLA."
    },
    {
        "1": 80,
        "44562": 44562,
        "acapulco,_acapulco_de_juarez,_guerrero.": "COLOMBIA, COLOMBIA, NUEVO LEON."
    },
    {
        "1": 81,
        "44562": 44562,
        "acapulco,_acapulco_de_juarez,_guerrero.": "ALTAMIRA, ALTAMIRA, TAMAULIPAS."
    },
    {
        "1": 82,
        "44562": 44562,
        "acapulco,_acapulco_de_juarez,_guerrero.": "CIUDAD CAMARGO, CIUDAD CAMARGO, TAMAULIPAS."
    },
    {
        "1": 83,
        "44562": 44562,
        "acapulco,_acapulco_de_juarez,_guerrero.": "DOS BOCAS, PARAISO, TABASCO."
    },
    {
        "1": 84,
        "44562": 44562,
        "acapulco,_acapulco_de_juarez,_guerrero.": "GUANAJUATO, SILAO, GUANAJUATO."
    },
    {
        "1": 85,
        "44562": 44939,
        "acapulco,_acapulco_de_juarez,_guerrero.": "AEROPUERTO INTERNACIONAL FELIPE ÁNGELES, SANTA LUCÍA, ZUMPANGO, ESTADO DE MÉXICO."
    }
]